dank.gank,
ziqijimi,
k_a_r_i7,
caleb_2412,
abdulrahman_hasan211,
_schleich_d_une_cavaliere,
abbylyn_,
tummyami,
le_ma__an,
healingmusicsweden,
xtanian,
_christiner,
mashacacachaca,
bingbing.vancouver,
savagejesus,
_spiceghoul,
lisboa_cafe,
sandymu31,
evokeid,
annooka,
derman.ist,
theworldofyoga,
jroberts011,
kateastreet_traveledition,
spiritualstonergirl,
jacisping,
ms2weathergirl,
meganmandryk,
themodern_me,
_expeditionlife,
itslulutime,
wellnessdelly,
glamgourmet604,
theurbivoresisters,
brent.mansfield,
skylawayrynen,
casadereyes_,
westonsocialclub,
journey.jasmine,
nancy_richmond_,
joycefias,
chantizak,
bobkimura7284,
kieub408,
charissebreathesagain,
haileyohara.yoga,
mrmaclellan,
hernandez28,
pocketphoenixjosan,
arams11,
vancouverpastandnow,
umtenispracorrer,
abekohandel,
megbrowntown,
candice_foster8,
montealegria,
melissadetray,
lucilamartinezaraujo,
csodyrun,
james_crossman,
saralisk,
kylie_cee,
riamckay1,
andreat901,
cobybennett,
tatisolis,
carfromtheblock,
baeckann,
rabe.so,
yogi_8_bear,
anapir18,
bcrobertson,
arbutuslaser,
anya_pot,
inglins,
meganwallis,
ilynsi_yoga,
diegodharma,
bctodo,
anakolverar,
karinacoco_,
shertrouble,
girlandtheshiba,
yk225chan,
gabycalandro,
peaceloverachel,
emma__wm,
antjewilson,
funniest_hoyouknow,
kateastreet1,
susannrasperyoga,
soul.diers,
frankiexox,
slayvr86,
mechitamonroy,
joannaakiyoga,
aleksandra_osman,
nobars_animal_rescue,
sarahljones,
beesee2010,
novsie,
ames.jones,
elizabeth_bain,
kathryn_lewis_07,
itsybitsymuscles,
casscchung,
margaretlee25,
lornajanecanada,
felicianlegault,
trainer.viv,
jess_guaggenti,
lulygarzagarza,
imealcanada,
catmomyoga,
take_so_much_fun_to_have_fun,
taytaysands,
__krista__joyce__,
rebeccaaak66,
mnmcdonald,
b.wellwithdanielle,
nadinepamela,
maahasa,
bre.greene,
courtneywillsey,
emysomewhere,
cassandraratcliffe,
melissadlugokecki,
