yuvicelazv,
annlaur_tsch,
bonaeblink,
giuliasszon,
josieb_love3,
melissafouberg,
ladyempire2013,
hmadebythecottrells,
ash_leiy,
sweetdevil0415,
merrycha09,
widdinatalia,
analeah_jenny,
deamore_kar,
3nyessh,
jjcrew76,
glazel.joy,
neesheta,
coachjackeymansour,
goodplvgsofficial,
javedababy,
jadeharris_a_little_pear,
thoracis.is.lewd,
evaanggelia,
angieroby89,
jossyalvarez13,
octavia.t.m,
wahwah2255,
h.m_noh,
alejandracalderon1,
icecream2324,
se0908,
iamjeztrish,
nikkiboo34,
thegypsymomager,
dwkarina,
documentation_photo,
kinderlyco,
azalfaqonita05,
ourminibros,
gomson,
iz1101,
limetube,
barzan.__.barzani,
